,Unnamed: 0,Unnamed: 1,Unnamed: 2,Unnamed: 3,Unnamed: 4,Unnamed: 5,Unnamed: 6,Unnamed: 7,Unnamed: 8,Unnamed: 9,Unnamed: 10,Unnamed: 11,Unnamed: 12,Unnamed: 13,Unnamed: 14
0,,,Versuchsplanung,,,,,,,,,,,,
1,,,,,,,,,,,,,,,
2,,Ursprungs-zeilen,Nr.,Versuch,Art d. Versuchs,Bezeichnung,Kamera,Objektiv,Licht-Farbe,Bilder pro Messung,Anz. Messungen,Komponente,Strahlführung,Target-Position,Anmerkung
3,,0,"- Schauen, ob die Kameras gleich auf der Grundplatte ausgerichtet sind (weniger Ausrichteaufwand/Fehlerpotenzial später --> td später überprüfen und ggf. jsutieren!)
- Die Objektive so ausrichten, dass Koax.-Licht nach oben zeigt
         - Für beide Kameras checken, da Gewinde nicht zwingend gleich ist!
- Die Komponenten auf den Haltern ausrichten
         - Sollten mittels Anschlag gut positioniert werden
         - Wahrscheinlich ist Positionierung bei 90°-Aufbau am sinnvollsten
         - Bei guter Ausrichtung, kann später alles ohne justieren durchgefühert werden (weniger Ausrichteaufwand/Fehlerpotenzial später --> td später überprüfen und ggf. jsutieren!)
- Zwischen jeder Messung (alle Versuche) die Achse einmal weg- und wieder hinbewegen (z.B. 50mm) --> kein Autofokus machen
- Darauf achten, dass die Lichter alle immer gleich eingebaut werden (grade und mittig)",,,,,,,,,,,,Vorbereitungen
4,,3,3,V003,Kamera-Setup Cam1,,U3-3800CP-C-HQ,1x,Grün,10,50,/,0°,Mittig,
5,,5,,,,,,,,,,,,,
6,,8,7,V007,Kamera-Setup Cam1,,U3-3800CP-C-HQ,2x,Grün,10,50,/,0°,Mittig,
7,,10,,,,,,,,,,,,,
8,,13,11,V011,Kamera-Setup Cam1,,U3-3800CP-C-HQ,3x,Grün,10,50,/,0°,Mittig,
9,,15,,,,,,,,,,,,,
10,,18,15,V015,Kamera-Setup Cam1,,U3-3800CP-C-HQ,4x,Grün,10,50,/,0°,Mittig,
11,,20,,,,,,,,,,,,,
12,,23,19,V019,Kamera-Setup Cam1,,U3-3800CP-C-HQ,4gx,Grün,10,50,/,0°,Mittig,
13,,25,,,,,,,,,,,,,"Kamera wechseln und ggf. das Target neu justieren. Im Idealfall wurde vorher schon alles so eingestellt, dass es direkt funktioniert."
14,,26,,,,,,,,,,,,,
15,,29,23,V023,Kamera-Setup Cam2,,U3-3800CP-M-GL,1x,Grün,10,50,/,0°,Mittig,
16,,31,,,,,,,,,,,,,
17,,34,27,V027,Kamera-Setup Cam2,,U3-3800CP-M-GL,2x,Grün,10,50,/,0°,Mittig,
18,,36,,,,,,,,,,,,,
19,,39,31,V031,Kamera-Setup Cam2,,U3-3800CP-M-GL,3x,Grün,10,50,/,0°,Mittig,
20,,41,,,,,,,,,,,,,
21,,44,35,V035,Kamera-Setup Cam2,,U3-3800CP-M-GL,4x,Grün,10,50,/,0°,Mittig,
22,,46,,,,,,,,,,,,,
23,,49,39,V039,Kamera-Setup Cam2,,U3-3800CP-M-GL,4gx,Grün,10,50,/,0°,Mittig,
24,,51,,,,,,,,,,,,,
25,,52,,,,,,,,,,,,,
26,,53,41,V041,Kamera-Setup Wdh.,,?,?,?,10,50,,0°,Mittig,"Quasi Kontrollmessung, ob Werte mit bester Kombination reproduziert werden können."
27,,54,,,,,,,,,,,,,"Ab jetzt nur noch mit der besten Kamera-Licht-Objektiv-Kombination.
Vor allen folgenden Versuchen ALLE Komponenten auf Halter ausrichten. Ggf. hierfür das Target auf 90°-Position setzen, um auch Spiegel und Prisma ausrichten zu können. (Position sollte durch Anschlag vorgegeben sein)"
28,,55,,,,,,,,,,,,,
29,,56,,,,,,,,,,,,,
30,,57,42,V042,Gerade M,Groundtruth,U3-3800CP-M-GL,?,?,10,50,/,0°,Mittig,
31,,58,43,V043,Gerade M,Strahlteiler,U3-3800CP-M-GL,,?,10,50,Strahlteiler BS016,0°,Mittig,
32,,59,44,V044,Gerade M,Pol. Strahlteiler,U3-3800CP-M-GL,,?,10,50,Strahlteiler PBS210,0°,Mittig,
33,,60,45,V045,Gerade M,LC-Shutter,U3-3800CP-M-GL,,?,10,50,LC-Shutter,0°,Mittig,
34,,61,,,,,,,,,,,,,
35,,62,46,V042-1,Gerade M Wdh. 1,Groundtruth,U3-3800CP-M-GL,?,?,10,50,/,0°,Mittig,
36,,63,47,V043-1,Gerade M Wdh. 1,Strahlteiler,U3-3800CP-M-GL,,?,10,50,Strahlteiler BS016,0°,Mittig,
37,,64,48,V044-1,Gerade M Wdh. 1,Pol. Strahlteiler,U3-3800CP-M-GL,,?,10,50,Strahlteiler PBS210,0°,Mittig,
38,,65,49,V045-1,Gerade M Wdh. 1,LC-Shutter,U3-3800CP-M-GL,,?,10,50,LC-Shutter,0°,Mittig,
39,,66,,,,,,,,,,,,,
40,,67,50,V042-2,Gerade M Wdh. 2,Groundtruth,U3-3800CP-M-GL,?,?,10,50,/,0°,Mittig,
41,,68,51,V043-2,Gerade M Wdh. 2,Strahlteiler,U3-3800CP-M-GL,,?,10,50,Strahlteiler BS016,0°,Mittig,
42,,69,52,V044-2,Gerade M Wdh. 2,Pol. Strahlteiler,U3-3800CP-M-GL,,?,10,50,Strahlteiler PBS210,0°,Mittig,
43,,70,53,V045-2,Gerade M Wdh. 2,LC-Shutter,U3-3800CP-M-GL,,?,10,50,LC-Shutter,0°,Mittig,
44,,71,,,,,,,,,,,,,
45,,72,,,,,,,,,,,,,
46,,73,54,V046,Gerade OL,Groundtruth,U3-3800CP-M-GL,?,?,10,50,/,0°,Oben Links,
47,,74,55,V047,Gerade OL,Strahlteiler,U3-3800CP-M-GL,,?,10,50,Strahlteiler BS016,0°,Oben Links,
48,,75,56,V048,Gerade OL,Pol. Strahlteiler,U3-3800CP-M-GL,,?,10,50,Strahlteiler PBS210,0°,Oben Links,
49,,76,57,V049,Gerade OL,LC-Shutter,U3-3800CP-M-GL,,?,10,50,LC-Shutter,0°,Oben Links,
50,,77,,,,,,,,,,,,,
51,,78,58,V046-1,Gerade OL Wdh. 1,Groundtruth,U3-3800CP-M-GL,?,?,10,50,/,0°,Oben Links,
52,,79,59,V047-1,Gerade OL Wdh. 1,Strahlteiler,U3-3800CP-M-GL,,?,10,50,Strahlteiler BS016,0°,Oben Links,
53,,80,60,V048-1,Gerade OL Wdh. 1,Pol. Strahlteiler,U3-3800CP-M-GL,,?,10,50,Strahlteiler PBS210,0°,Oben Links,
54,,81,61,V049-1,Gerade OL Wdh. 1,LC-Shutter,U3-3800CP-M-GL,,?,10,50,LC-Shutter,0°,Oben Links,
55,,82,,,,,,,,,,,,,
56,,83,62,V046-2,Gerade OL Wdh. 2,Groundtruth,U3-3800CP-M-GL,?,?,10,50,/,0°,Oben Links,
57,,84,63,V047-2,Gerade OL Wdh. 2,Strahlteiler,U3-3800CP-M-GL,,?,10,50,Strahlteiler BS016,0°,Oben Links,
58,,85,64,V048-2,Gerade OL Wdh. 2,Pol. Strahlteiler,U3-3800CP-M-GL,,?,10,50,Strahlteiler PBS210,0°,Oben Links,
59,,86,65,V049-2,Gerade OL Wdh. 2,LC-Shutter,U3-3800CP-M-GL,,?,10,50,LC-Shutter,0°,Oben Links,
60,,87,,,,,,,,,,,,,
61,,88,,,,,,,,,,,,,
62,,89,66,V050,Gerade OR,Groundtruth,U3-3800CP-M-GL,?,?,10,50,/,0°,Oben Rechts,
63,,90,67,V051,Gerade OR,Strahlteiler,U3-3800CP-M-GL,,?,10,50,Strahlteiler BS016,0°,Oben Rechts,
64,,91,68,V052,Gerade OR,Pol. Strahlteiler,U3-3800CP-M-GL,,?,10,50,Strahlteiler PBS210,0°,Oben Rechts,
65,,92,69,V053,Gerade OR,LC-Shutter,U3-3800CP-M-GL,,?,10,50,LC-Shutter,0°,Oben Rechts,
66,,93,,,,,,,,,,,,,
67,,94,70,V050-1,Gerade OR Wdh. 1,Groundtruth,U3-3800CP-M-GL,?,?,10,50,/,0°,Oben Rechts,
68,,95,71,V051-1,Gerade OR Wdh. 1,Strahlteiler,U3-3800CP-M-GL,,?,10,50,Strahlteiler BS016,0°,Oben Rechts,
69,,96,72,V052-1,Gerade OR Wdh. 1,Pol. Strahlteiler,U3-3800CP-M-GL,,?,10,50,Strahlteiler PBS210,0°,Oben Rechts,
70,,97,73,V053-1,Gerade OR Wdh. 1,LC-Shutter,U3-3800CP-M-GL,,?,10,50,LC-Shutter,0°,Oben Rechts,
71,,98,,,,,,,,,,,,,
72,,99,74,V050-2,Gerade OR Wdh. 2,Groundtruth,U3-3800CP-M-GL,?,?,10,50,/,0°,Oben Rechts,
73,,100,75,V051-2,Gerade OR Wdh. 2,Strahlteiler,U3-3800CP-M-GL,,?,10,50,Strahlteiler BS016,0°,Oben Rechts,
74,,101,76,V052-2,Gerade OR Wdh. 2,Pol. Strahlteiler,U3-3800CP-M-GL,,?,10,50,Strahlteiler PBS210,0°,Oben Rechts,
75,,102,77,V053-2,Gerade OR Wdh. 2,LC-Shutter,U3-3800CP-M-GL,,?,10,50,LC-Shutter,0°,Oben Rechts,
76,,103,,,,,,,,,,,,,
77,,104,,,,,,,,,,,,,
78,,105,78,V054,Gerade UR,Groundtruth,U3-3800CP-M-GL,?,?,10,50,/,0°,Unten Rechts,
79,,106,79,V055,Gerade UR,Strahlteiler,U3-3800CP-M-GL,,?,10,50,Strahlteiler BS016,0°,Unten Rechts,
80,,107,80,V056,Gerade UR,Pol. Strahlteiler,U3-3800CP-M-GL,,?,10,50,Strahlteiler PBS210,0°,Unten Rechts,
81,,108,81,V057,Gerade UR,LC-Shutter,U3-3800CP-M-GL,,?,10,50,LC-Shutter,0°,Unten Rechts,
82,,109,,,,,,,,,,,,,
83,,110,82,V054,Gerade UR Wdh. 1,Groundtruth,U3-3800CP-M-GL,?,?,10,50,/,0°,Unten Rechts,
84,,111,83,V055,Gerade UR Wdh. 1,Strahlteiler,U3-3800CP-M-GL,,?,10,50,Strahlteiler BS016,0°,Unten Rechts,
85,,112,84,V056,Gerade UR Wdh. 1,Pol. Strahlteiler,U3-3800CP-M-GL,,?,10,50,Strahlteiler PBS210,0°,Unten Rechts,
86,,113,85,V057,Gerade UR Wdh. 1,LC-Shutter,U3-3800CP-M-GL,,?,10,50,LC-Shutter,0°,Unten Rechts,
87,,114,,,,,,,,,,,,,
88,,115,86,V054,Gerade UR Wdh. 2,Groundtruth,U3-3800CP-M-GL,?,?,10,50,/,0°,Unten Rechts,
89,,116,87,V055,Gerade UR Wdh. 2,Strahlteiler,U3-3800CP-M-GL,,?,10,50,Strahlteiler BS016,0°,Unten Rechts,
90,,117,88,V056,Gerade UR Wdh. 2,Pol. Strahlteiler,U3-3800CP-M-GL,,?,10,50,Strahlteiler PBS210,0°,Unten Rechts,
91,,118,89,V057,Gerade UR Wdh. 2,LC-Shutter,U3-3800CP-M-GL,,?,10,50,LC-Shutter,0°,Unten Rechts,
92,,119,,,,,,,,,,,,,
93,,120,,,,,,,,,,,,,
94,,121,90,V058,Gerade UL,Groundtruth,U3-3800CP-M-GL,?,?,10,50,/,0°,Unten Links,
95,,122,91,V059,Gerade UL,Strahlteiler,U3-3800CP-M-GL,,?,10,50,Strahlteiler BS016,0°,Unten Links,
96,,123,92,V060,Gerade UL,Pol. Strahlteiler,U3-3800CP-M-GL,,?,10,50,Strahlteiler PBS210,0°,Unten Links,
97,,124,93,V061,Gerade UL,LC-Shutter,U3-3800CP-M-GL,,?,10,50,LC-Shutter,0°,Unten Links,
98,,125,,,,,,,,,,,,,
99,,126,94,V058-1,Gerade UL Wdh. 1,Groundtruth,U3-3800CP-M-GL,?,?,10,50,/,0°,Unten Links,
100,,127,95,V059-1,Gerade UL Wdh. 1,Strahlteiler,U3-3800CP-M-GL,,?,10,50,Strahlteiler BS016,0°,Unten Links,
101,,128,96,V060-1,Gerade UL Wdh. 1,Pol. Strahlteiler,U3-3800CP-M-GL,,?,10,50,Strahlteiler PBS210,0°,Unten Links,
102,,129,97,V061-1,Gerade UL Wdh. 1,LC-Shutter,U3-3800CP-M-GL,,?,10,50,LC-Shutter,0°,Unten Links,
103,,130,,,,,,,,,,,,,
104,,131,98,V058-2,Gerade UL Wdh. 2,Groundtruth,U3-3800CP-M-GL,?,?,10,50,/,0°,Unten Links,
105,,132,99,V059-2,Gerade UL Wdh. 2,Strahlteiler,U3-3800CP-M-GL,,?,10,50,Strahlteiler BS016,0°,Unten Links,
106,,133,100,V060-2,Gerade UL Wdh. 2,Pol. Strahlteiler,U3-3800CP-M-GL,,?,10,50,Strahlteiler PBS210,0°,Unten Links,
107,,134,101,V061-2,Gerade UL Wdh. 2,LC-Shutter,U3-3800CP-M-GL,,?,10,50,LC-Shutter,0°,Unten Links,
108,,135,,,,,,,,,,,,,"Target muss umpositioniert werden. Vor den Versuchen checken, dass alle Komponenten gleich ausgerichtet sind, sodass das Target zwischen den Versuchen nicht jsutiert werden muss."
109,,136,,,,,,,,,,,,,
110,,137,,,,,,,,,,,,,
111,,138,102,V062,Umlenkung M,Strahlteiler,U3-3800CP-M-GL,,?,10,50,Strahlteiler BS016,90°,Mittig,
112,,139,103,V063,Umlenkung M,Pol. Strahlteiler,U3-3800CP-M-GL,,?,10,50,Strahlteiler PBS210,90°,Mittig,
113,,140,104,V064,Umlenkung M,LC-Shutter,U3-3800CP-M-GL,,?,10,50,LC-Shutter,90°,Mittig,
114,,141,105,V065,Umlenkung M,Spiegel,U3-3800CP-M-GL,,?,10,50,Spiegel,90°,Mittig,
115,,142,106,V066,Umlenkung M,Prisma,U3-3800CP-M-GL,,?,10,50,Prisma,90°,Mittig,
116,,143,,,,,,,,,,,,,
117,,144,107,V062-1,Umlenkung M Wdh. 1,Strahlteiler,U3-3800CP-M-GL,,?,10,50,Strahlteiler BS016,90°,Mittig,
118,,145,108,V063-1,Umlenkung M Wdh. 1,Pol. Strahlteiler,U3-3800CP-M-GL,,?,10,50,Strahlteiler PBS210,90°,Mittig,
119,,146,109,V064-1,Umlenkung M Wdh. 1,LC-Shutter,U3-3800CP-M-GL,,?,10,50,LC-Shutter,90°,Mittig,
120,,147,110,V065-1,Umlenkung M Wdh. 1,Spiegel,U3-3800CP-M-GL,,?,10,50,Spiegel,90°,Mittig,
121,,148,111,V066-1,Umlenkung M Wdh. 1,Prisma,U3-3800CP-M-GL,,?,10,50,Prisma,90°,Mittig,
122,,149,,,,,,,,,,,,,
123,,150,112,V062-2,Umlenkung M Wdh. 2,Strahlteiler,U3-3800CP-M-GL,,?,10,50,Strahlteiler BS016,90°,Mittig,
124,,151,113,V063-2,Umlenkung M Wdh. 2,Pol. Strahlteiler,U3-3800CP-M-GL,,?,10,50,Strahlteiler PBS210,90°,Mittig,
125,,152,114,V064-2,Umlenkung M Wdh. 2,LC-Shutter,U3-3800CP-M-GL,,?,10,50,LC-Shutter,90°,Mittig,
126,,153,115,V065-2,Umlenkung M Wdh. 2,Spiegel,U3-3800CP-M-GL,,?,10,50,Spiegel,90°,Mittig,
127,,154,116,V066-2,Umlenkung M Wdh. 2,Prisma,U3-3800CP-M-GL,,?,10,50,Prisma,90°,Mittig,
128,,155,,,,,,,,,,,,,
129,,156,,,,,,,,,,,,,
130,,157,117,V067,Umlenkung OL,Strahlteiler,U3-3800CP-M-GL,,?,10,50,Strahlteiler BS016,90°,Oben Links,
131,,158,118,V068,Umlenkung OL,Pol. Strahlteiler,U3-3800CP-M-GL,,?,10,50,Strahlteiler PBS210,90°,Oben Links,
132,,159,119,V069,Umlenkung OL,LC-Shutter,U3-3800CP-M-GL,,?,10,50,LC-Shutter,90°,Oben Links,
133,,160,120,V070,Umlenkung OL,Spiegel,U3-3800CP-M-GL,,?,10,50,Spiegel,90°,Oben Links,
134,,161,121,V071,Umlenkung OL,Prisma,U3-3800CP-M-GL,,?,10,50,Prisma,90°,Oben Links,
135,,162,,,,,,,,,,,,,
136,,163,122,V067-1,Umlenkung OL Wdh. 1,Strahlteiler,U3-3800CP-M-GL,,?,10,50,Strahlteiler BS016,90°,Oben Links,
137,,164,123,V068-1,Umlenkung OL Wdh. 1,Pol. Strahlteiler,U3-3800CP-M-GL,,?,10,50,Strahlteiler PBS210,90°,Oben Links,
138,,165,124,V069-1,Umlenkung OL Wdh. 1,LC-Shutter,U3-3800CP-M-GL,,?,10,50,LC-Shutter,90°,Oben Links,
139,,166,125,V070-1,Umlenkung OL Wdh. 1,Spiegel,U3-3800CP-M-GL,,?,10,50,Spiegel,90°,Oben Links,
140,,167,126,V071-1,Umlenkung OL Wdh. 1,Prisma,U3-3800CP-M-GL,,?,10,50,Prisma,90°,Oben Links,
141,,168,,,,,,,,,,,,,
142,,169,127,V067-2,Umlenkung OL Wdh. 2,Strahlteiler,U3-3800CP-M-GL,,?,10,50,Strahlteiler BS016,90°,Oben Links,
143,,170,128,V068-2,Umlenkung OL Wdh. 2,Pol. Strahlteiler,U3-3800CP-M-GL,,?,10,50,Strahlteiler PBS210,90°,Oben Links,
144,,171,129,V069-2,Umlenkung OL Wdh. 2,LC-Shutter,U3-3800CP-M-GL,,?,10,50,LC-Shutter,90°,Oben Links,
145,,172,130,V070-2,Umlenkung OL Wdh. 2,Spiegel,U3-3800CP-M-GL,,?,10,50,Spiegel,90°,Oben Links,
146,,173,131,V071-2,Umlenkung OL Wdh. 2,Prisma,U3-3800CP-M-GL,,?,10,50,Prisma,90°,Oben Links,
147,,174,,,,,,,,,,,,,
148,,175,,,,,,,,,,,,,
149,,176,132,V072,Umlenkung OR,Strahlteiler,U3-3800CP-M-GL,,?,10,50,Strahlteiler BS016,90°,Oben Rechts,
150,,177,133,V073,Umlenkung OR,Pol. Strahlteiler,U3-3800CP-M-GL,,?,10,50,Strahlteiler PBS210,90°,Oben Rechts,
151,,178,134,V074,Umlenkung OR,LC-Shutter,U3-3800CP-M-GL,,?,10,50,LC-Shutter,90°,Oben Rechts,
152,,179,135,V075,Umlenkung OR,Spiegel,U3-3800CP-M-GL,,?,10,50,Spiegel,90°,Oben Rechts,
153,,180,136,V076,Umlenkung OR,Prisma,U3-3800CP-M-GL,,?,10,50,Prisma,90°,Oben Rechts,
154,,181,,,,,,,,,,,,,
155,,182,137,V072-1,Umlenkung OR Wdh. 1,Strahlteiler,U3-3800CP-M-GL,,?,10,50,Strahlteiler BS016,90°,Oben Rechts,
156,,183,138,V073-1,Umlenkung OR Wdh. 1,Pol. Strahlteiler,U3-3800CP-M-GL,,?,10,50,Strahlteiler PBS210,90°,Oben Rechts,
157,,184,139,V074-1,Umlenkung OR Wdh. 1,LC-Shutter,U3-3800CP-M-GL,,?,10,50,LC-Shutter,90°,Oben Rechts,
158,,185,140,V075-1,Umlenkung OR Wdh. 1,Spiegel,U3-3800CP-M-GL,,?,10,50,Spiegel,90°,Oben Rechts,
159,,186,141,V076-1,Umlenkung OR Wdh. 1,Prisma,U3-3800CP-M-GL,,?,10,50,Prisma,90°,Oben Rechts,
160,,187,,,,,,,,,,,,,
161,,188,142,V072-2,Umlenkung OR Wdh. 2,Strahlteiler,U3-3800CP-M-GL,,?,10,50,Strahlteiler BS016,90°,Oben Rechts,
162,,189,143,V073-2,Umlenkung OR Wdh. 2,Pol. Strahlteiler,U3-3800CP-M-GL,,?,10,50,Strahlteiler PBS210,90°,Oben Rechts,
163,,190,144,V074-2,Umlenkung OR Wdh. 2,LC-Shutter,U3-3800CP-M-GL,,?,10,50,LC-Shutter,90°,Oben Rechts,
164,,191,145,V075-2,Umlenkung OR Wdh. 2,Spiegel,U3-3800CP-M-GL,,?,10,50,Spiegel,90°,Oben Rechts,
165,,192,146,V076-2,Umlenkung OR Wdh. 2,Prisma,U3-3800CP-M-GL,,?,10,50,Prisma,90°,Oben Rechts,
166,,193,,,,,,,,,,,,,
167,,194,,,,,,,,,,,,,
168,,195,147,V077,Umlenkung UR,Strahlteiler,U3-3800CP-M-GL,,?,10,50,Strahlteiler BS016,90°,Unten Rechts,
169,,196,148,V078,Umlenkung UR,Pol. Strahlteiler,U3-3800CP-M-GL,,?,10,50,Strahlteiler PBS210,90°,Unten Rechts,
170,,197,149,V079,Umlenkung UR,LC-Shutter,U3-3800CP-M-GL,,?,10,50,LC-Shutter,90°,Unten Rechts,
171,,198,150,V080,Umlenkung UR,Spiegel,U3-3800CP-M-GL,,?,10,50,Spiegel,90°,Unten Rechts,
172,,199,151,V081,Umlenkung UR,Prisma,U3-3800CP-M-GL,,?,10,50,Prisma,90°,Unten Rechts,
173,,200,,,,,,,,,,,,,
174,,201,152,V077-1,Umlenkung UR Wdh. 1,Strahlteiler,U3-3800CP-M-GL,,?,10,50,Strahlteiler BS016,90°,Unten Rechts,
175,,202,153,V078-1,Umlenkung UR Wdh. 1,Pol. Strahlteiler,U3-3800CP-M-GL,,?,10,50,Strahlteiler PBS210,90°,Unten Rechts,
176,,203,154,V079-1,Umlenkung UR Wdh. 1,LC-Shutter,U3-3800CP-M-GL,,?,10,50,LC-Shutter,90°,Unten Rechts,
177,,204,155,V080-1,Umlenkung UR Wdh. 1,Spiegel,U3-3800CP-M-GL,,?,10,50,Spiegel,90°,Unten Rechts,
178,,205,156,V081-1,Umlenkung UR Wdh. 1,Prisma,U3-3800CP-M-GL,,?,10,50,Prisma,90°,Unten Rechts,
179,,206,,,,,,,,,,,,,
180,,207,157,V077-2,Umlenkung UR Wdh. 2,Strahlteiler,U3-3800CP-M-GL,,?,10,50,Strahlteiler BS016,90°,Unten Rechts,
181,,208,158,V078-2,Umlenkung UR Wdh. 2,Pol. Strahlteiler,U3-3800CP-M-GL,,?,10,50,Strahlteiler PBS210,90°,Unten Rechts,
182,,209,159,V079-2,Umlenkung UR Wdh. 2,LC-Shutter,U3-3800CP-M-GL,,?,10,50,LC-Shutter,90°,Unten Rechts,
183,,210,160,V080-2,Umlenkung UR Wdh. 2,Spiegel,U3-3800CP-M-GL,,?,10,50,Spiegel,90°,Unten Rechts,
184,,211,161,V081-2,Umlenkung UR Wdh. 2,Prisma,U3-3800CP-M-GL,,?,10,50,Prisma,90°,Unten Rechts,
185,,212,,,,,,,,,,,,,
186,,213,,,,,,,,,,,,,
187,,214,162,V082,Umlenkung UL,Strahlteiler,U3-3800CP-M-GL,,?,10,50,Strahlteiler BS016,90°,Unten Links,
188,,215,163,V083,Umlenkung UL,Pol. Strahlteiler,U3-3800CP-M-GL,,?,10,50,Strahlteiler PBS210,90°,Unten Links,
189,,216,164,V084,Umlenkung UL,LC-Shutter,U3-3800CP-M-GL,,?,10,50,LC-Shutter,90°,Unten Links,
190,,217,165,V085,Umlenkung UL,Spiegel,U3-3800CP-M-GL,,?,10,50,Spiegel,90°,Unten Links,
191,,218,166,V086,Umlenkung UL,Prisma,U3-3800CP-M-GL,,?,10,50,Prisma,90°,Unten Links,
192,,219,,,,,,,,,,,,,
193,,220,167,V082-1,Umlenkung UL Wdh. 1,Strahlteiler,U3-3800CP-M-GL,,?,10,50,Strahlteiler BS016,90°,Unten Links,
194,,221,168,V083-1,Umlenkung UL Wdh. 1,Pol. Strahlteiler,U3-3800CP-M-GL,,?,10,50,Strahlteiler PBS210,90°,Unten Links,
195,,222,169,V084-1,Umlenkung UL Wdh. 1,LC-Shutter,U3-3800CP-M-GL,,?,10,50,LC-Shutter,90°,Unten Links,
196,,223,170,V085-1,Umlenkung UL Wdh. 1,Spiegel,U3-3800CP-M-GL,,?,10,50,Spiegel,90°,Unten Links,
197,,224,171,V086-1,Umlenkung UL Wdh. 1,Prisma,U3-3800CP-M-GL,,?,10,50,Prisma,90°,Unten Links,
198,,225,,,,,,,,,,,,,
199,,226,172,V082-2,Umlenkung UL Wdh. 2,Strahlteiler,U3-3800CP-M-GL,,?,10,50,Strahlteiler BS016,90°,Unten Links,
200,,227,173,V083-2,Umlenkung UL Wdh. 2,Pol. Strahlteiler,U3-3800CP-M-GL,,?,10,50,Strahlteiler PBS210,90°,Unten Links,
201,,228,174,V084-2,Umlenkung UL Wdh. 2,LC-Shutter,U3-3800CP-M-GL,,?,10,50,LC-Shutter,90°,Unten Links,
202,,229,175,V085-2,Umlenkung UL Wdh. 2,Spiegel,U3-3800CP-M-GL,,?,10,50,Spiegel,90°,Unten Links,
203,,230,176,V086-2,Umlenkung UL Wdh. 2,Prisma,U3-3800CP-M-GL,,?,10,50,Prisma,90°,Unten Links,
204,,231,,,,,,,,,,,,,
205,,232,,,,,,,,,,,,,
206,,233,,,,,,,,,,,,,
